Lines of Data,Compress Time (s),Encrypt Time (s),Decrypt Time (s),Decompress Time (s),Original Size (B),Compressed Size (B),Compression Ratio,Data Comparison
10,6.699562072753906e-05,0.0030968189239501953,0.0030448436737060547,2.47955322265625e-05,4004,1407,2.845771144278607,True
3010,0.0019981861114501953,0.9308891296386719,0.9218530654907227,0.0005159378051757812,1260976,407195,3.096737435381083,True
6010,0.00391387939453125,1.8135879039764404,1.799630880355835,0.0007009506225585938,2502724,827160,3.0256830601092894,True
9010,0.005949974060058594,2.7434639930725098,2.7705748081207275,0.001950979232788086,3732423,1246056,2.9953894528014793,True
